{"cameraMode":{"drawMode":0,"name":"Shaded","section":"Shading Mode"},"sceneLighting":true,"audioPlay":false,"sceneViewState":{"showFog":true,"showMaterialUpdate":true,"showSkybox":true,"showFlares":true,"showImageEffects":true,"showParticleSystems":true},"in2DMode":false,"pivot":{"x":-0.34439408779144289,"y":0.7778084874153137,"z":0.0},"rotation":{"x":-0.17494185268878938,"y":-0.339194118976593,"z":0.06435486674308777,"w":-0.9220635294914246},"size":39.375431060791019,"orthographic":false}