{"cameraMode":{"drawMode":0,"name":"Shaded","section":"Shading Mode"},"sceneLighting":true,"audioPlay":false,"sceneViewState":{"showFog":true,"showMaterialUpdate":true,"showSkybox":true,"showFlares":true,"showImageEffects":true,"showParticleSystems":true},"in2DMode":false,"pivot":{"x":0.22146081924438477,"y":-0.1276259422302246,"z":4.468658447265625},"rotation":{"x":0.17307651042938233,"y":0.10173916071653366,"z":-0.01797766424715519,"w":0.9794746041297913},"size":12.810857772827149,"orthographic":false}